{
  "TOWF_event_E4_HighWind_Peak_gt25": {
    "params": {
      "sequence_length": 24,
      "batch_size": 128,
      "learning_rate": 0.0007591104805282694,
      "weight_decay": 2.3233503515390116e-06,
      "hidden_dim": 64,
      "num_layers": 2,
      "dropout": 0.19351332282682332,
      "kernel_size": 5,
      "optimizer": "adamw",
      "scheduler": "none"
    },
    "mcc": 0.09400076246153315,
    "metrics": {
      "mcc": 0.0413896702557481,
      "mcc_std": 0.023304553396305966,
      "accuracy": 0.6823683910014845,
      "accuracy_std": 0.27541855081129724,
      "balanced_accuracy": 0.5794130098283948,
      "balanced_accuracy_std": 0.051800439959000744,
      "precision": 0.017971182435687096,
      "precision_std": 0.0045230569933079265,
      "recall": 0.4765319200159858,
      "recall_std": 0.27238067166241003,
      "f1": 0.03421651240768516,
      "f1_std": 0.008989607794793077,
      "specificity": 0.6822940996408039,
      "specificity_std": 0.28084162712232474,
      "cohen_kappa": 0.015330843276096759,
      "cohen_kappa_std": 0.010093771861389694,
      "auc_roc": 0.5956992078729196,
      "auc_roc_std": 0.07282666453026518,
      "auc_pr": 0.013010907078506032,
      "auc_pr_std": 0.00417117282715985
    }
  },
  "TOWS_event_E5_LowWind_lt2": {
    "params": {
      "sequence_length": 24,
      "batch_size": 128,
      "learning_rate": 0.0007591104805282694,
      "weight_decay": 2.3233503515390116e-06,
      "hidden_dim": 64,
      "num_layers": 2,
      "dropout": 0.19351332282682332,
      "kernel_size": 5,
      "optimizer": "adamw",
      "scheduler": "none"
    },
    "mcc": 0.07835361014955643,
    "metrics": {
      "mcc": 0.050398487780680096,
      "mcc_std": 0.011088373503130085,
      "accuracy": 0.8321660132211691,
      "accuracy_std": 0.017662965481093185,
      "balanced_accuracy": 0.5658042116129938,
      "balanced_accuracy_std": 0.012413306479823588,
      "precision": 0.0360832866099928,
      "precision_std": 0.006827408094959858,
      "recall": 0.2885709446384824,
      "recall_std": 0.04181091463415956,
      "f1": 0.06413106989388799,
      "f1_std": 0.011804187957987908,
      "specificity": 0.8430374785875053,
      "specificity_std": 0.01715193285176309,
      "cohen_kappa": 0.029789472173292458,
      "cohen_kappa_std": 0.006903030265649092,
      "auc_roc": 0.5984213592425297,
      "auc_roc_std": 0.012898202918122176,
      "auc_pr": 0.029016036349409496,
      "auc_pr_std": 0.004074426396507098
    }
  }
}