{
  "TOWS_event_E3_LowTemp_lt0": {
    "params": {
      "sequence_length": 24,
      "batch_size": 128,
      "learning_rate": 0.0007591104805282694,
      "weight_decay": 2.3233503515390116e-06,
      "hidden_dim": 64,
      "num_layers": 2,
      "dropout": 0.19351332282682332,
      "kernel_size": 5,
      "optimizer": "adamw",
      "scheduler": "none"
    },
    "mcc": 0.6910989460032034,
    "metrics": {
      "mcc": 0.5542148179057184,
      "mcc_std": 0.10328126040280604,
      "accuracy": 0.9475086597388755,
      "accuracy_std": 0.013063276010964131,
      "balanced_accuracy": 0.8389702926096154,
      "balanced_accuracy_std": 0.057270065323379624,
      "precision": 0.4720381481949883,
      "precision_std": 0.11953378745423683,
      "recall": 0.7197243492278406,
      "recall_std": 0.11892910302122997,
      "f1": 0.562641007180113,
      "f1_std": 0.10220795740066067,
      "specificity": 0.9582162359913905,
      "specificity_std": 0.015481398368033092,
      "cohen_kappa": 0.536674266897948,
      "cohen_kappa_std": 0.10672534389168453,
      "auc_roc": 0.963630741532973,
      "auc_roc_std": 0.013698112485086145,
      "auc_pr": 0.5667197277603607,
      "auc_pr_std": 0.13910408410570263
    }
  },
  "TOWB_event_E3_LowTemp_lt0": {
    "params": {
      "sequence_length": 48,
      "batch_size": 32,
      "learning_rate": 0.00020511104188433984,
      "weight_decay": 1.493656855461763e-06,
      "hidden_dim": 64,
      "num_layers": 4,
      "dropout": 0.34973279224012654,
      "kernel_size": 3,
      "optimizer": "adamw",
      "scheduler": "none"
    },
    "mcc": 0.5833407004145389,
    "metrics": {
      "mcc": 0.4946396737381044,
      "mcc_std": 0.1434004057549436,
      "accuracy": 0.9580588242761211,
      "accuracy_std": 0.0060783411193842925,
      "balanced_accuracy": 0.7831738644731931,
      "balanced_accuracy_std": 0.08511352772481559,
      "precision": 0.4476449773195256,
      "precision_std": 0.11716809701300493,
      "recall": 0.5946223905534697,
      "recall_std": 0.16969417756404945,
      "f1": 0.5106500908557958,
      "f1_std": 0.13885188395493414,
      "specificity": 0.9717253383929169,
      "specificity_std": 0.002920198292266041,
      "cohen_kappa": 0.4891200840471419,
      "cohen_kappa_std": 0.1409190328307986,
      "auc_roc": 0.9476460528028539,
      "auc_roc_std": 0.031059202479833348,
      "auc_pr": 0.49346672924178897,
      "auc_pr_std": 0.16507306885332038
    }
  },
  "TOWD_event_E3_LowTemp_lt0": {
    "params": {
      "sequence_length": 48,
      "batch_size": 32,
      "learning_rate": 0.00020511104188433984,
      "weight_decay": 1.493656855461763e-06,
      "hidden_dim": 64,
      "num_layers": 4,
      "dropout": 0.34973279224012654,
      "kernel_size": 3,
      "optimizer": "adamw",
      "scheduler": "none"
    },
    "mcc": 0.6557992816255879,
    "metrics": {
      "mcc": 0.6400834420334274,
      "mcc_std": 0.03423529586416101,
      "accuracy": 0.9693692321362835,
      "accuracy_std": 0.004976015025818045,
      "balanced_accuracy": 0.818797278009154,
      "balanced_accuracy_std": 0.016083942752476973,
      "precision": 0.6589723096779995,
      "precision_std": 0.040139392440801835,
      "recall": 0.6536071323142634,
      "recall_std": 0.0318497731612435,
      "f1": 0.6559203226431626,
      "f1_std": 0.03239901259568839,
      "specificity": 0.9839874237040447,
      "specificity_std": 0.0036478486818629233,
      "cohen_kappa": 0.6398861313489792,
      "cohen_kappa_std": 0.034081629701852176,
      "auc_roc": 0.9767780430326608,
      "auc_roc_std": 0.005741458726524548,
      "auc_pr": 0.7064650247568433,
      "auc_pr_std": 0.023282007247750595
    }
  },
  "TOWD_event_E5_LowWind_lt2": {
    "params": {
      "sequence_length": 48,
      "batch_size": 32,
      "learning_rate": 0.00020511104188433984,
      "weight_decay": 1.493656855461763e-06,
      "hidden_dim": 64,
      "num_layers": 4,
      "dropout": 0.34973279224012654,
      "kernel_size": 3,
      "optimizer": "adamw",
      "scheduler": "none"
    },
    "mcc": 0.329221312494049,
    "metrics": {
      "mcc": 0.31701573041465375,
      "mcc_std": 0.010542281901181777,
      "accuracy": 0.7737283724945098,
      "accuracy_std": 0.02257200276019365,
      "balanced_accuracy": 0.6986863582656614,
      "balanced_accuracy_std": 0.0059079025123024865,
      "precision": 0.32820993143654,
      "precision_std": 0.02810819918711455,
      "recall": 0.5950812944033529,
      "recall_std": 0.045219763245986255,
      "f1": 0.42075444016261515,
      "f1_std": 0.01564825511694361,
      "specificity": 0.8022914221279697,
      "specificity_std": 0.033486462628145884,
      "cohen_kappa": 0.2956319004819811,
      "cohen_kappa_std": 0.01871667234412452,
      "auc_roc": 0.7807903733268607,
      "auc_roc_std": 0.0006213777874308985,
      "auc_pr": 0.3410184346650486,
      "auc_pr_std": 0.03142688795012322
    }
  },
  "TOWB_event_E4_HighWind_Peak_gt25": {
    "params": {
      "sequence_length": 24,
      "batch_size": 128,
      "learning_rate": 0.0007591104805282694,
      "weight_decay": 2.3233503515390116e-06,
      "hidden_dim": 64,
      "num_layers": 2,
      "dropout": 0.19351332282682332,
      "kernel_size": 5,
      "optimizer": "adamw",
      "scheduler": "none"
    },
    "mcc": 0.1742901102468486,
    "metrics": {
      "mcc": 0.11145615560922112,
      "mcc_std": 0.0332944550932615,
      "accuracy": 0.9613832743329146,
      "accuracy_std": 0.014709688353971323,
      "balanced_accuracy": 0.5728172107915039,
      "balanced_accuracy_std": 0.008889313576185904,
      "precision": 0.10033732480485551,
      "precision_std": 0.038985948214596666,
      "recall": 0.17320560030408017,
      "recall_std": 0.00808118502070402,
      "f1": 0.1222882077644543,
      "f1_std": 0.034948268300563655,
      "specificity": 0.9724288212789277,
      "specificity_std": 0.014551158015982188,
      "cohen_kappa": 0.10609742809991703,
      "cohen_kappa_std": 0.038046306743363206,
      "auc_roc": 0.7208675498257578,
      "auc_roc_std": 0.02380012242778371,
      "auc_pr": 0.05334483953296679,
      "auc_pr_std": 0.01652397292397808
    }
  },
  "TOWA_event_E3_LowTemp_lt0": {
    "params": {
      "sequence_length": 48,
      "batch_size": 32,
      "learning_rate": 0.00020511104188433984,
      "weight_decay": 1.493656855461763e-06,
      "hidden_dim": 64,
      "num_layers": 4,
      "dropout": 0.34973279224012654,
      "kernel_size": 3,
      "optimizer": "adamw",
      "scheduler": "none"
    },
    "mcc": 0.6176222778644216,
    "metrics": {
      "mcc": 0.629195977186115,
      "mcc_std": 0.04685956405922823,
      "accuracy": 0.9646026124376403,
      "accuracy_std": 0.004366212465826713,
      "balanced_accuracy": 0.8486314730186267,
      "balanced_accuracy_std": 0.020341980519053532,
      "precision": 0.5810027528210804,
      "precision_std": 0.05098096981536008,
      "recall": 0.7214183692323178,
      "recall_std": 0.03814499867660494,
      "f1": 0.6434230425137026,
      "f1_std": 0.04627439221032889,
      "specificity": 0.9758445768049357,
      "specificity_std": 0.002967629874555337,
      "cohen_kappa": 0.6250342840274353,
      "cohen_kappa_std": 0.04782701623572056,
      "auc_roc": 0.9750462715229982,
      "auc_roc_std": 0.0073545749661714,
      "auc_pr": 0.6589118502406559,
      "auc_pr_std": 0.040197836701844764
    }
  },
  "TOWY_event_E5_LowWind_lt2": {
    "params": {
      "sequence_length": 48,
      "batch_size": 32,
      "learning_rate": 0.00020511104188433984,
      "weight_decay": 1.493656855461763e-06,
      "hidden_dim": 64,
      "num_layers": 4,
      "dropout": 0.34973279224012654,
      "kernel_size": 3,
      "optimizer": "adamw",
      "scheduler": "none"
    },
    "mcc": 0.2870306755733358,
    "metrics": {
      "mcc": 0.2709790790272794,
      "mcc_std": 0.009849241476532242,
      "accuracy": 0.8048732498064156,
      "accuracy_std": 0.008333493578655154,